BEGIN TRANSACTION;
CREATE TABLE "analyzer_app_analysis" ("id" integer NOT NULL PRIMARY KEY AUTOINCREMENT, "name" varchar(100) NOT NULL, "description" text NOT NULL, "creation_date" datetime NOT NULL, "user_id" bigint NOT NULL REFERENCES "analyzer_app_customuser" ("id") DEFERRABLE INITIALLY DEFERRED);
INSERT INTO "analyzer_app_analysis" VALUES(1,'gianfadiga-base_notebook.csv','Análise do arquivo gianfadiga-base_notebook.csv enviada pelo usuário gianfadiga','2025-05-21 18:52:05.681916',2);
INSERT INTO "analyzer_app_analysis" VALUES(2,'gianfadiga-base_notebook.csv','Análise do arquivo gianfadiga-base_notebook.csv enviada pelo usuário gianfadiga','2025-05-21 19:10:56.757206',2);
INSERT INTO "analyzer_app_analysis" VALUES(3,'gianfadiga-base_notebook.csv','Análise do arquivo gianfadiga-base_notebook.csv enviada pelo usuário gianfadiga','2025-05-21 19:12:35.996614',2);
INSERT INTO "analyzer_app_analysis" VALUES(4,'gianfadiga-base_notebook.csv','Análise do arquivo gianfadiga-base_notebook.csv enviada pelo usuário gianfadiga','2025-05-21 21:34:40.351394',2);
CREATE TABLE "analyzer_app_analysislog" ("id" integer NOT NULL PRIMARY KEY AUTOINCREMENT, "action" varchar(50) NOT NULL, "timestamp" datetime NOT NULL, "old_data" text NULL, "new_data" text NULL, "analysis_id" bigint NOT NULL REFERENCES "analyzer_app_analysis" ("id") DEFERRABLE INITIALLY DEFERRED);
INSERT INTO "analyzer_app_analysislog" VALUES(1,'INSERT','2025-05-21 18:52:05.778510',NULL,'{"name": "gianfadiga-base_notebook.csv", "description": "An\u00e1lise do arquivo gianfadiga-base_notebook.csv enviada pelo usu\u00e1rio gianfadiga"}',1);
INSERT INTO "analyzer_app_analysislog" VALUES(2,'INSERT','2025-05-21 18:52:05.864689','','{"filename": "gianfadiga-base_notebook.csv", "user": "gianfadiga", "timestamp": "2025-05-21T18:52:05.864689+00:00"}',1);
INSERT INTO "analyzer_app_analysislog" VALUES(3,'INSERT','2025-05-21 19:10:56.854421',NULL,'{"name": "gianfadiga-base_notebook.csv", "description": "An\u00e1lise do arquivo gianfadiga-base_notebook.csv enviada pelo usu\u00e1rio gianfadiga"}',2);
INSERT INTO "analyzer_app_analysislog" VALUES(4,'INSERT','2025-05-21 19:10:56.930733','','{"filename": "gianfadiga-base_notebook.csv", "user": "gianfadiga", "timestamp": "2025-05-21T19:10:56.930733+00:00"}',2);
INSERT INTO "analyzer_app_analysislog" VALUES(5,'INSERT','2025-05-21 19:12:36.085785',NULL,'{"name": "gianfadiga-base_notebook.csv", "description": "An\u00e1lise do arquivo gianfadiga-base_notebook.csv enviada pelo usu\u00e1rio gianfadiga"}',3);
INSERT INTO "analyzer_app_analysislog" VALUES(6,'INSERT','2025-05-21 19:12:36.182022','','{"filename": "gianfadiga-base_notebook.csv", "user": "gianfadiga", "timestamp": "2025-05-21T19:12:36.180515+00:00"}',3);
INSERT INTO "analyzer_app_analysislog" VALUES(7,'INSERT','2025-05-21 21:34:40.446533',NULL,'{"name": "gianfadiga-base_notebook.csv", "description": "An\u00e1lise do arquivo gianfadiga-base_notebook.csv enviada pelo usu\u00e1rio gianfadiga"}',4);
INSERT INTO "analyzer_app_analysislog" VALUES(8,'INSERT','2025-05-21 21:34:40.533896','','{"filename": "gianfadiga-base_notebook.csv", "user": "gianfadiga", "timestamp": "2025-05-21T21:34:40.533896+00:00"}',4);
CREATE TABLE "analyzer_app_customuser" ("id" integer NOT NULL PRIMARY KEY AUTOINCREMENT, "password" varchar(128) NOT NULL, "last_login" datetime NULL, "is_superuser" bool NOT NULL, "username" varchar(150) NOT NULL UNIQUE, "first_name" varchar(150) NOT NULL, "last_name" varchar(150) NOT NULL, "is_staff" bool NOT NULL, "is_active" bool NOT NULL, "date_joined" datetime NOT NULL, "email" varchar(254) NOT NULL UNIQUE);
INSERT INTO "analyzer_app_customuser" VALUES(1,'pbkdf2_sha256$870000$8DlDDBFYxDAODFrANa0FUl$J0awCDeOqGGsNcKelyNnBq9HqI2Z2JUooo8SL2KJYTM=','2025-05-21 19:45:41.603965',1,'admin','','',1,1,'2025-05-21 14:06:46.674106','admin@admin.com');
INSERT INTO "analyzer_app_customuser" VALUES(2,'pbkdf2_sha256$870000$4HtmeHQ95OhYhqrSSzmfV3$gJqq900yrOCsYhK+ATakyNq482DmintXpF229B6E9Io=','2025-05-21 22:02:51.229956',0,'GianFadiga','','',0,1,'2025-05-21 18:49:30.748849','gianluccafadigarissato@gmail.com');
CREATE TABLE "analyzer_app_customuser_groups" ("id" integer NOT NULL PRIMARY KEY AUTOINCREMENT, "customuser_id" bigint NOT NULL REFERENCES "analyzer_app_customuser" ("id") DEFERRABLE INITIALLY DEFERRED, "group_id" integer NOT NULL REFERENCES "auth_group" ("id") DEFERRABLE INITIALLY DEFERRED);
CREATE TABLE "analyzer_app_customuser_user_permissions" ("id" integer NOT NULL PRIMARY KEY AUTOINCREMENT, "customuser_id" bigint NOT NULL REFERENCES "analyzer_app_customuser" ("id") DEFERRABLE INITIALLY DEFERRED, "permission_id" integer NOT NULL REFERENCES "auth_permission" ("id") DEFERRABLE INITIALLY DEFERRED);
CREATE TABLE "analyzer_app_userlog" ("id" integer NOT NULL PRIMARY KEY AUTOINCREMENT, "action" varchar(50) NOT NULL, "timestamp" datetime NOT NULL, "old_data" text NULL, "new_data" text NULL, "user_id" bigint NOT NULL REFERENCES "analyzer_app_customuser" ("id") DEFERRABLE INITIALLY DEFERRED);
INSERT INTO "analyzer_app_userlog" VALUES(1,'LOGIN','2025-05-21 19:21:53.639559',NULL,'{"event": "login"}',2);
INSERT INTO "analyzer_app_userlog" VALUES(2,'LOGOUT','2025-05-21 19:21:57.732940',NULL,'{"event": "logout"}',2);
INSERT INTO "analyzer_app_userlog" VALUES(3,'LOGIN','2025-05-21 19:22:26.366401',NULL,'{"event": "login"}',1);
INSERT INTO "analyzer_app_userlog" VALUES(4,'LOGIN','2025-05-21 19:27:54.859406',NULL,'{"event": "login"}',2);
INSERT INTO "analyzer_app_userlog" VALUES(5,'LOGOUT','2025-05-21 19:27:59.335447',NULL,'{"event": "logout"}',2);
INSERT INTO "analyzer_app_userlog" VALUES(6,'LOGIN','2025-05-21 19:28:06.551743',NULL,'{"event": "login"}',1);
INSERT INTO "analyzer_app_userlog" VALUES(7,'LOGOUT','2025-05-21 19:39:48.715481',NULL,'{"event": "logout"}',1);
INSERT INTO "analyzer_app_userlog" VALUES(8,'LOGIN','2025-05-21 19:39:54.297385',NULL,'{"event": "login"}',2);
INSERT INTO "analyzer_app_userlog" VALUES(9,'LOGOUT','2025-05-21 19:39:57.148862',NULL,'{"event": "logout"}',2);
INSERT INTO "analyzer_app_userlog" VALUES(10,'LOGIN','2025-05-21 19:40:03.095395',NULL,'{"event": "login"}',1);
INSERT INTO "analyzer_app_userlog" VALUES(11,'LOGOUT','2025-05-21 19:45:30.857157',NULL,'{"event": "logout"}',1);
INSERT INTO "analyzer_app_userlog" VALUES(12,'UPDATE','2025-05-21 19:45:34.048833','{"username": "admin", "email": "admin@admin.com", "first_name": "", "last_name": ""}','{"username": "admin", "email": "admin@admin.com", "first_name": "", "last_name": ""}',1);
INSERT INTO "analyzer_app_userlog" VALUES(13,'LOGIN','2025-05-21 19:45:34.144808',NULL,'{"event": "login"}',1);
INSERT INTO "analyzer_app_userlog" VALUES(14,'LOGOUT','2025-05-21 19:45:36.690085',NULL,'{"event": "logout"}',1);
INSERT INTO "analyzer_app_userlog" VALUES(15,'UPDATE','2025-05-21 19:45:41.643722','{"username": "admin", "email": "admin@admin.com", "first_name": "", "last_name": ""}','{"username": "admin", "email": "admin@admin.com", "first_name": "", "last_name": ""}',1);
INSERT INTO "analyzer_app_userlog" VALUES(16,'LOGIN','2025-05-21 19:45:41.732757',NULL,'{"event": "login"}',1);
INSERT INTO "analyzer_app_userlog" VALUES(17,'LOGOUT','2025-05-21 20:16:45.989972',NULL,'{"event": "logout"}',1);
INSERT INTO "analyzer_app_userlog" VALUES(18,'UPDATE','2025-05-21 20:23:32.356264','{"username": "GianFadiga", "email": "gianluccafadigarissato@gmail.com", "first_name": "", "last_name": ""}','{"username": "GianFadiga", "email": "gianluccafadigarissato@gmail.com", "first_name": "", "last_name": ""}',2);
INSERT INTO "analyzer_app_userlog" VALUES(19,'LOGIN','2025-05-21 20:23:32.443274',NULL,'{"event": "login"}',2);
INSERT INTO "analyzer_app_userlog" VALUES(20,'UPDATE','2025-05-21 21:00:09.580273','{"username": "GianFadiga0106", "email": "gianluccafadigarissato@gmail.com", "first_name": "", "last_name": ""}','{"username": "GianFadiga0106", "email": "gianluccafadigarissato@gmail.com", "first_name": "", "last_name": ""}',2);
INSERT INTO "analyzer_app_userlog" VALUES(21,'UPDATE','2025-05-21 21:00:17.731740','{"username": "GianFadiga", "email": "gianluccafadigarissato@gmail.com", "first_name": "", "last_name": ""}','{"username": "GianFadiga", "email": "gianluccafadigarissato@gmail.com", "first_name": "", "last_name": ""}',2);
INSERT INTO "analyzer_app_userlog" VALUES(22,'LOGOUT','2025-05-21 21:01:00.413619',NULL,'{"event": "logout"}',2);
INSERT INTO "analyzer_app_userlog" VALUES(23,'UPDATE','2025-05-21 21:01:03.097660','{"username": "GianFadiga", "email": "gianluccafadigarissato@gmail.com", "first_name": "", "last_name": ""}','{"username": "GianFadiga", "email": "gianluccafadigarissato@gmail.com", "first_name": "", "last_name": ""}',2);
INSERT INTO "analyzer_app_userlog" VALUES(24,'LOGIN','2025-05-21 21:01:03.163567',NULL,'{"event": "login"}',2);
INSERT INTO "analyzer_app_userlog" VALUES(25,'UPDATE','2025-05-21 21:03:33.250772','{"username": "GianFadiga0106", "email": "gianluccafadigarissato@gmail.com", "first_name": "", "last_name": ""}','{"username": "GianFadiga0106", "email": "gianluccafadigarissato@gmail.com", "first_name": "", "last_name": ""}',2);
INSERT INTO "analyzer_app_userlog" VALUES(26,'UPDATE','2025-05-21 21:06:26.325133','{"username": "GianFadiga0106", "email": "gianluccafadigarissato@gmail.com", "first_name": "", "last_name": ""}','{"username": "GianFadiga0106", "email": "gianluccafadigarissato@gmail.com", "first_name": "", "last_name": ""}',2);
INSERT INTO "analyzer_app_userlog" VALUES(27,'UPDATE','2025-05-21 21:06:29.405146','{"username": "GianFadiga", "email": "gianluccafadigarissato@gmail.com", "first_name": "", "last_name": ""}','{"username": "GianFadiga", "email": "gianluccafadigarissato@gmail.com", "first_name": "", "last_name": ""}',2);
INSERT INTO "analyzer_app_userlog" VALUES(28,'UPDATE','2025-05-21 21:18:23.364501','{"username": "GianFadiga", "email": "gianluccafadigarissato@gmail.com", "first_name": "", "last_name": ""}','{"username": "GianFadiga", "email": "gianluccafadigarissato@gmail.com", "first_name": "", "last_name": ""}',2);
INSERT INTO "analyzer_app_userlog" VALUES(29,'UPDATE','2025-05-21 21:18:27.354050','{"username": "GianFadiga", "email": "gianluccafadigarissato@gmail.com", "first_name": "", "last_name": ""}','{"username": "GianFadiga", "email": "gianluccafadigarissato@gmail.com", "first_name": "", "last_name": ""}',2);
INSERT INTO "analyzer_app_userlog" VALUES(30,'UPDATE','2025-05-21 21:18:30.971913','{"username": "GianFadiga", "email": "gianluccafadigarissato@gmail.com", "first_name": "", "last_name": ""}','{"username": "GianFadiga", "email": "gianluccafadigarissato@gmail.com", "first_name": "", "last_name": ""}',2);
INSERT INTO "analyzer_app_userlog" VALUES(31,'LOGOUT','2025-05-21 21:35:27.145634',NULL,'{"event": "logout"}',2);
INSERT INTO "analyzer_app_userlog" VALUES(32,'UPDATE','2025-05-21 21:54:07.291708','{"username": "GianFadiga", "email": "gianluccafadigarissato@gmail.com", "first_name": "", "last_name": ""}','{"username": "GianFadiga", "email": "gianluccafadigarissato@gmail.com", "first_name": "", "last_name": ""}',2);
INSERT INTO "analyzer_app_userlog" VALUES(33,'LOGIN','2025-05-21 21:54:07.371874',NULL,'{"event": "login"}',2);
INSERT INTO "analyzer_app_userlog" VALUES(34,'UPDATE','2025-05-21 21:54:50.466611','{"username": "GianFadiga0106", "email": "gianluccafadigarissato@gmail.com", "first_name": "", "last_name": ""}','{"username": "GianFadiga0106", "email": "gianluccafadigarissato@gmail.com", "first_name": "", "last_name": ""}',2);
INSERT INTO "analyzer_app_userlog" VALUES(35,'LOGOUT','2025-05-21 21:55:55.712165',NULL,'{"event": "logout"}',2);
INSERT INTO "analyzer_app_userlog" VALUES(36,'UPDATE','2025-05-21 22:02:51.281070','{"username": "GianFadiga0106", "email": "gianluccafadigarissato@gmail.com", "first_name": "", "last_name": ""}','{"username": "GianFadiga0106", "email": "gianluccafadigarissato@gmail.com", "first_name": "", "last_name": ""}',2);
INSERT INTO "analyzer_app_userlog" VALUES(37,'LOGIN','2025-05-21 22:02:51.375464',NULL,'{"event": "login"}',2);
INSERT INTO "analyzer_app_userlog" VALUES(38,'UPDATE','2025-05-21 22:04:26.303721','{"username": "GianFadiga0106", "email": "gianluccafadigarissato@gmail.com", "first_name": "", "last_name": ""}','{"username": "GianFadiga0106", "email": "gianluccafadigarissato@gmail.com", "first_name": "", "last_name": ""}',2);
INSERT INTO "analyzer_app_userlog" VALUES(39,'UPDATE','2025-05-21 22:05:36.269943','{"username": "GianFadiga0106", "email": "gianluccafadigarissato@gmail.com", "first_name": "", "last_name": ""}','{"username": "GianFadiga0106", "email": "gianluccafadigarissato@gmail.com", "first_name": "", "last_name": ""}',2);
INSERT INTO "analyzer_app_userlog" VALUES(40,'UPDATE','2025-05-21 22:05:39.118189','{"username": "GianFadiga0106", "email": "gianluccafadigarissato@gmail.com", "first_name": "", "last_name": ""}','{"username": "GianFadiga0106", "email": "gianluccafadigarissato@gmail.com", "first_name": "", "last_name": ""}',2);
INSERT INTO "analyzer_app_userlog" VALUES(41,'UPDATE','2025-05-21 22:06:40.603924','{"username": "GianFadiga0106", "email": "gianluccafadigarissato@gmail.com", "first_name": "", "last_name": ""}','{"username": "GianFadiga0106", "email": "gianluccafadigarissato@gmail.com", "first_name": "", "last_name": ""}',2);
INSERT INTO "analyzer_app_userlog" VALUES(42,'UPDATE','2025-05-21 22:06:55.694628','{"username": "GianFadiga0106", "email": "gianluccafadigarissato@gmail.com", "first_name": "", "last_name": ""}','{"username": "GianFadiga0106", "email": "gianluccafadigarissato@gmail.com", "first_name": "", "last_name": ""}',2);
INSERT INTO "analyzer_app_userlog" VALUES(43,'UPDATE','2025-05-21 22:10:58.678378','{"username": "GianFadiga0106", "email": "gianluccafadigarissato@gmail.com", "first_name": "", "last_name": ""}','{"username": "GianFadiga0106", "email": "gianluccafadigarissato@gmail.com", "first_name": "", "last_name": ""}',2);
INSERT INTO "analyzer_app_userlog" VALUES(44,'UPDATE','2025-05-21 22:11:19.657133','{"username": "GianFadiga0106", "email": "gianluccafadigarissato@gmail.com", "first_name": "", "last_name": ""}','{"username": "GianFadiga0106", "email": "gianluccafadigarissato@gmail.com", "first_name": "", "last_name": ""}',2);
INSERT INTO "analyzer_app_userlog" VALUES(45,'UPDATE','2025-05-21 22:44:06.938141','{"username": "GianFadiga0106", "email": "gianluccafadigarissato@gmail.com", "first_name": "", "last_name": ""}','{"username": "GianFadiga0106", "email": "gianluccafadigarissato@gmail.com", "first_name": "", "last_name": ""}',2);
INSERT INTO "analyzer_app_userlog" VALUES(46,'UPDATE','2025-05-21 22:44:16.467258','{"username": "GianFadiga0106", "email": "gianluccafadigarissato@gmail.com", "first_name": "", "last_name": ""}','{"username": "GianFadiga0106", "email": "gianluccafadigarissato@gmail.com", "first_name": "", "last_name": ""}',2);
INSERT INTO "analyzer_app_userlog" VALUES(47,'UPDATE','2025-05-21 22:47:51.586309','{"username": "GianFadiga0106", "email": "gianluccafadigarissato@gmail.com", "first_name": "", "last_name": ""}','{"username": "GianFadiga0106", "email": "gianluccafadigarissato@gmail.com", "first_name": "", "last_name": ""}',2);
INSERT INTO "analyzer_app_userlog" VALUES(48,'UPDATE','2025-05-21 22:48:11.795419','{"username": "GianFadiga0106", "email": "gianluccafadigarissato@gmail.com", "first_name": "", "last_name": ""}','{"username": "GianFadiga0106", "email": "gianluccafadigarissato@gmail.com", "first_name": "", "last_name": ""}',2);
INSERT INTO "analyzer_app_userlog" VALUES(49,'UPDATE','2025-05-21 22:48:17.838228','{"username": "GianFadiga0106", "email": "gianluccafadigarissato@gmail.com", "first_name": "", "last_name": ""}','{"username": "GianFadiga0106", "email": "gianluccafadigarissato@gmail.com", "first_name": "", "last_name": ""}',2);
INSERT INTO "analyzer_app_userlog" VALUES(50,'UPDATE','2025-05-21 22:48:23.623350','{"username": "GianFadiga", "email": "gianluccafadigarissato@gmail.com", "first_name": "", "last_name": ""}','{"username": "GianFadiga", "email": "gianluccafadigarissato@gmail.com", "first_name": "", "last_name": ""}',2);
INSERT INTO "analyzer_app_userlog" VALUES(51,'UPDATE','2025-05-21 22:58:36.381286','{"username": "GianFadiga", "email": "gianluccafadigarissato@gmail.com", "first_name": "", "last_name": ""}','{"username": "GianFadiga", "email": "gianluccafadigarissato@gmail.com", "first_name": "", "last_name": ""}',2);
INSERT INTO "analyzer_app_userlog" VALUES(52,'UPDATE','2025-05-21 23:00:31.769060','{"username": "GianFadiga", "email": "gianluccafadigarissato@gmail.com", "first_name": "", "last_name": ""}','{"username": "GianFadiga", "email": "gianluccafadigarissato@gmail.com", "first_name": "", "last_name": ""}',2);
INSERT INTO "analyzer_app_userlog" VALUES(53,'UPDATE','2025-05-21 23:11:13.300242','{"username": "GianFadiga", "email": "gianluccafadigarissato@gmail.com", "first_name": "", "last_name": ""}','{"username": "GianFadiga", "email": "gianluccafadigarissato@gmail.com", "first_name": "", "last_name": ""}',2);
CREATE TABLE "auth_group" ("id" integer NOT NULL PRIMARY KEY AUTOINCREMENT, "name" varchar(150) NOT NULL UNIQUE);
CREATE TABLE "auth_group_permissions" ("id" integer NOT NULL PRIMARY KEY AUTOINCREMENT, "group_id" integer NOT NULL REFERENCES "auth_group" ("id") DEFERRABLE INITIALLY DEFERRED, "permission_id" integer NOT NULL REFERENCES "auth_permission" ("id") DEFERRABLE INITIALLY DEFERRED);
CREATE TABLE "auth_permission" ("id" integer NOT NULL PRIMARY KEY AUTOINCREMENT, "content_type_id" integer NOT NULL REFERENCES "django_content_type" ("id") DEFERRABLE INITIALLY DEFERRED, "codename" varchar(100) NOT NULL, "name" varchar(255) NOT NULL);
INSERT INTO "auth_permission" VALUES(1,1,'add_logentry','Can add log entry');
INSERT INTO "auth_permission" VALUES(2,1,'change_logentry','Can change log entry');
INSERT INTO "auth_permission" VALUES(3,1,'delete_logentry','Can delete log entry');
INSERT INTO "auth_permission" VALUES(4,1,'view_logentry','Can view log entry');
INSERT INTO "auth_permission" VALUES(5,2,'add_permission','Can add permission');
INSERT INTO "auth_permission" VALUES(6,2,'change_permission','Can change permission');
INSERT INTO "auth_permission" VALUES(7,2,'delete_permission','Can delete permission');
INSERT INTO "auth_permission" VALUES(8,2,'view_permission','Can view permission');
INSERT INTO "auth_permission" VALUES(9,3,'add_group','Can add group');
INSERT INTO "auth_permission" VALUES(10,3,'change_group','Can change group');
INSERT INTO "auth_permission" VALUES(11,3,'delete_group','Can delete group');
INSERT INTO "auth_permission" VALUES(12,3,'view_group','Can view group');
INSERT INTO "auth_permission" VALUES(13,4,'add_contenttype','Can add content type');
INSERT INTO "auth_permission" VALUES(14,4,'change_contenttype','Can change content type');
INSERT INTO "auth_permission" VALUES(15,4,'delete_contenttype','Can delete content type');
INSERT INTO "auth_permission" VALUES(16,4,'view_contenttype','Can view content type');
INSERT INTO "auth_permission" VALUES(17,5,'add_session','Can add session');
INSERT INTO "auth_permission" VALUES(18,5,'change_session','Can change session');
INSERT INTO "auth_permission" VALUES(19,5,'delete_session','Can delete session');
INSERT INTO "auth_permission" VALUES(20,5,'view_session','Can view session');
INSERT INTO "auth_permission" VALUES(21,6,'add_customuser','Can add user');
INSERT INTO "auth_permission" VALUES(22,6,'change_customuser','Can change user');
INSERT INTO "auth_permission" VALUES(23,6,'delete_customuser','Can delete user');
INSERT INTO "auth_permission" VALUES(24,6,'view_customuser','Can view user');
INSERT INTO "auth_permission" VALUES(25,7,'add_analysis','Can add analysis');
INSERT INTO "auth_permission" VALUES(26,7,'change_analysis','Can change analysis');
INSERT INTO "auth_permission" VALUES(27,7,'delete_analysis','Can delete analysis');
INSERT INTO "auth_permission" VALUES(28,7,'view_analysis','Can view analysis');
INSERT INTO "auth_permission" VALUES(29,8,'add_analysislog','Can add analysis log');
INSERT INTO "auth_permission" VALUES(30,8,'change_analysislog','Can change analysis log');
INSERT INTO "auth_permission" VALUES(31,8,'delete_analysislog','Can delete analysis log');
INSERT INTO "auth_permission" VALUES(32,8,'view_analysislog','Can view analysis log');
INSERT INTO "auth_permission" VALUES(33,9,'add_userlog','Can add user log');
INSERT INTO "auth_permission" VALUES(34,9,'change_userlog','Can change user log');
INSERT INTO "auth_permission" VALUES(35,9,'delete_userlog','Can delete user log');
INSERT INTO "auth_permission" VALUES(36,9,'view_userlog','Can view user log');
CREATE TABLE "django_admin_log" ("id" integer NOT NULL PRIMARY KEY AUTOINCREMENT, "object_id" text NULL, "object_repr" varchar(200) NOT NULL, "action_flag" smallint unsigned NOT NULL CHECK ("action_flag" >= 0), "change_message" text NOT NULL, "content_type_id" integer NULL REFERENCES "django_content_type" ("id") DEFERRABLE INITIALLY DEFERRED, "user_id" bigint NOT NULL REFERENCES "analyzer_app_customuser" ("id") DEFERRABLE INITIALLY DEFERRED, "action_time" datetime NOT NULL);
CREATE TABLE "django_content_type" ("id" integer NOT NULL PRIMARY KEY AUTOINCREMENT, "app_label" varchar(100) NOT NULL, "model" varchar(100) NOT NULL);
INSERT INTO "django_content_type" VALUES(1,'admin','logentry');
INSERT INTO "django_content_type" VALUES(2,'auth','permission');
INSERT INTO "django_content_type" VALUES(3,'auth','group');
INSERT INTO "django_content_type" VALUES(4,'contenttypes','contenttype');
INSERT INTO "django_content_type" VALUES(5,'sessions','session');
INSERT INTO "django_content_type" VALUES(6,'analyzer_app','customuser');
INSERT INTO "django_content_type" VALUES(7,'analyzer_app','analysis');
INSERT INTO "django_content_type" VALUES(8,'analyzer_app','analysislog');
INSERT INTO "django_content_type" VALUES(9,'analyzer_app','userlog');
CREATE TABLE "django_migrations" ("id" integer NOT NULL PRIMARY KEY AUTOINCREMENT, "app" varchar(255) NOT NULL, "name" varchar(255) NOT NULL, "applied" datetime NOT NULL);
INSERT INTO "django_migrations" VALUES(1,'contenttypes','0001_initial','2025-05-21 14:06:05.436656');
INSERT INTO "django_migrations" VALUES(2,'contenttypes','0002_remove_content_type_name','2025-05-21 14:06:05.538408');
INSERT INTO "django_migrations" VALUES(3,'auth','0001_initial','2025-05-21 14:06:05.706712');
INSERT INTO "django_migrations" VALUES(4,'auth','0002_alter_permission_name_max_length','2025-05-21 14:06:05.786596');
INSERT INTO "django_migrations" VALUES(5,'auth','0003_alter_user_email_max_length','2025-05-21 14:06:05.898688');
INSERT INTO "django_migrations" VALUES(6,'auth','0004_alter_user_username_opts','2025-05-21 14:06:05.965011');
INSERT INTO "django_migrations" VALUES(7,'auth','0005_alter_user_last_login_null','2025-05-21 14:06:06.032181');
INSERT INTO "django_migrations" VALUES(8,'auth','0006_require_contenttypes_0002','2025-05-21 14:06:06.086508');
INSERT INTO "django_migrations" VALUES(9,'auth','0007_alter_validators_add_error_messages','2025-05-21 14:06:06.171310');
INSERT INTO "django_migrations" VALUES(10,'auth','0008_alter_user_username_max_length','2025-05-21 14:06:06.242361');
INSERT INTO "django_migrations" VALUES(11,'auth','0009_alter_user_last_name_max_length','2025-05-21 14:06:06.309375');
INSERT INTO "django_migrations" VALUES(12,'auth','0010_alter_group_name_max_length','2025-05-21 14:06:06.397706');
INSERT INTO "django_migrations" VALUES(13,'auth','0011_update_proxy_permissions','2025-05-21 14:06:06.512611');
INSERT INTO "django_migrations" VALUES(14,'auth','0012_alter_user_first_name_max_length','2025-05-21 14:06:06.569638');
INSERT INTO "django_migrations" VALUES(15,'analyzer_app','0001_initial','2025-05-21 14:06:06.734710');
INSERT INTO "django_migrations" VALUES(16,'admin','0001_initial','2025-05-21 14:06:06.861009');
INSERT INTO "django_migrations" VALUES(17,'admin','0002_logentry_remove_auto_add','2025-05-21 14:06:06.970524');
INSERT INTO "django_migrations" VALUES(18,'admin','0003_logentry_add_action_flag_choices','2025-05-21 14:06:07.085029');
INSERT INTO "django_migrations" VALUES(19,'sessions','0001_initial','2025-05-21 14:06:07.237374');
INSERT INTO "django_migrations" VALUES(20,'analyzer_app','0002_alter_analysis_options','2025-05-21 19:38:40.243386');
CREATE TABLE "django_session" ("session_key" varchar(40) NOT NULL PRIMARY KEY, "session_data" text NOT NULL, "expire_date" datetime NOT NULL);
INSERT INTO "django_session" VALUES('5xvvizyxt10gflmqmdu7p6nddk5qwx0j','.eJxVi0sOwiAQQO_C2jQUGKa4NPEcZAaG0FibxrYLNd7darrQ7fs8VaR1qXGd5Rb7rI7KqMMvY0oXGT-CRhrujw3RNDXfYHfN-Ur9cNrDv7vSXLc15ADJpo49Jw3EDhDZd8BtIZRSPIoRdtpY0IAhl4y-WCuonWtt0ur1BlnbNwY:1uHrWV:BAhHoGIwpJAkitLZReE6BPTmW5ZuWH3Vk1nJPq7L3pw','2025-06-04 22:02:51.475740');
CREATE UNIQUE INDEX "django_content_type_app_label_model_76bd3d3b_uniq" ON "django_content_type" ("app_label", "model");
CREATE UNIQUE INDEX "auth_group_permissions_group_id_permission_id_0cd325b0_uniq" ON "auth_group_permissions" ("group_id", "permission_id");
CREATE INDEX "auth_group_permissions_group_id_b120cbf9" ON "auth_group_permissions" ("group_id");
CREATE INDEX "auth_group_permissions_permission_id_84c5c92e" ON "auth_group_permissions" ("permission_id");
CREATE UNIQUE INDEX "auth_permission_content_type_id_codename_01ab375a_uniq" ON "auth_permission" ("content_type_id", "codename");
CREATE INDEX "auth_permission_content_type_id_2f476e4b" ON "auth_permission" ("content_type_id");
CREATE UNIQUE INDEX "analyzer_app_customuser_groups_customuser_id_group_id_959f872a_uniq" ON "analyzer_app_customuser_groups" ("customuser_id", "group_id");
CREATE INDEX "analyzer_app_customuser_groups_customuser_id_34411d72" ON "analyzer_app_customuser_groups" ("customuser_id");
CREATE INDEX "analyzer_app_customuser_groups_group_id_d4e07136" ON "analyzer_app_customuser_groups" ("group_id");
CREATE UNIQUE INDEX "analyzer_app_customuser_user_permissions_customuser_id_permission_id_0753f7e5_uniq" ON "analyzer_app_customuser_user_permissions" ("customuser_id", "permission_id");
CREATE INDEX "analyzer_app_customuser_user_permissions_customuser_id_fe25d215" ON "analyzer_app_customuser_user_permissions" ("customuser_id");
CREATE INDEX "analyzer_app_customuser_user_permissions_permission_id_54ddc9d6" ON "analyzer_app_customuser_user_permissions" ("permission_id");
CREATE INDEX "analyzer_app_analysis_user_id_fcd14c6c" ON "analyzer_app_analysis" ("user_id");
CREATE INDEX "analyzer_app_analysislog_analysis_id_b62dad1a" ON "analyzer_app_analysislog" ("analysis_id");
CREATE INDEX "analyzer_app_userlog_user_id_975b434c" ON "analyzer_app_userlog" ("user_id");
CREATE INDEX "django_admin_log_content_type_id_c4bce8eb" ON "django_admin_log" ("content_type_id");
CREATE INDEX "django_admin_log_user_id_c564eba6" ON "django_admin_log" ("user_id");
CREATE INDEX "django_session_expire_date_a5c62663" ON "django_session" ("expire_date");
DELETE FROM "sqlite_sequence";
INSERT INTO "sqlite_sequence" VALUES('django_migrations',20);
INSERT INTO "sqlite_sequence" VALUES('django_content_type',9);
INSERT INTO "sqlite_sequence" VALUES('auth_permission',36);
INSERT INTO "sqlite_sequence" VALUES('auth_group',0);
INSERT INTO "sqlite_sequence" VALUES('django_admin_log',0);
INSERT INTO "sqlite_sequence" VALUES('analyzer_app_customuser',2);
INSERT INTO "sqlite_sequence" VALUES('analyzer_app_analysis',4);
INSERT INTO "sqlite_sequence" VALUES('analyzer_app_analysislog',8);
INSERT INTO "sqlite_sequence" VALUES('analyzer_app_userlog',53);
COMMIT;
